RULE0,RULE1,RULE2,cnt0,cnt1,pcnt0,pcnt1,rate0,rate1,Arate1,lift,KS
X6 <= 0.0896,X13 <= -1.6769,X61 <= 0.2357,581,177,0.1165029075596551,0.0353081986834231,0.7664907651715039,0.23350923482849603,0.5013,0.46580737049370846,0.40892892435952866
X6 <= 0.0896,X13 <= -1.6769,X61 >  0.2357,347,490,0.06958091036695407,0.09774586076201876,0.4145758661887694,0.5854241338112306,0.5013,1.167811956535469,0.40892892435952866
X6 <= 0.0896,X13 >  -1.6769,X5 <= -0.3499,285,1444,0.05714858632444356,0.28805106722521445,0.16483516483516483,0.8351648351648352,0.5013,1.6659980753338026,0.40892892435952866
X6 <= 0.0896,X13 >  -1.6769,X5 >  -0.3499,709,1119,0.1421696410667736,0.2232196289646918,0.38785557986870894,0.612144420131291,0.5013,1.2211139440081609,0.40892892435952866
X6 >  0.0896,X61 <= -0.5179,X13 <= 1.1055,1225,158,0.2456386605173451,0.0315180530620387,0.8857556037599421,0.11424439624005785,0.5013,0.22789626219839987,0.40892892435952866
X6 >  0.0896,X61 <= -0.5179,X13 >  1.1055,477,324,0.09564868658512131,0.06463195691202872,0.5955056179775281,0.4044943820224719,0.5013,0.8068908478405584,0.40892892435952866
X6 >  0.0896,X61 >  -0.5179,X32 <= -1.3273,201,547,0.04030479246039703,0.10911629762617195,0.26871657754010697,0.7312834224598931,0.5013,1.4587740324354541,0.40892892435952866
X6 >  0.0896,X61 >  -0.5179,X32 >  -1.3273,1162,754,0.2330058151193102,0.15040893676441253,0.6064718162839249,0.3935281837160752,0.5013,0.7850153275804412,0.40892892435952866
