RULE0,RULE1,RULE2,cnt0,cnt1,pcnt0,pcnt1,rate0,rate1,Arate1,lift,KS
X72 <= 0.4009,X51 <= -0.5153,X27 <= -0.1178,669,447,0.13398758261566193,0.08927501497902936,0.5994623655913979,0.40053763440860213,0.5007,0.7999553313533095,0.40284046956732034
X72 <= 0.4009,X51 <= -0.5153,X27 >  -0.1178,1293,192,0.2589625475665932,0.03834631515877771,0.8707070707070707,0.1292929292929293,0.5007,0.2582243445035536,0.40284046956732034
X72 <= 0.4009,X51 >  -0.5153,X70 <= -6.3159,206,595,0.041257760865211296,0.11883363291392052,0.2571785268414482,0.7428214731585518,0.5007,1.4835659539815294,0.40284046956732034
X72 <= 0.4009,X51 >  -0.5153,X70 >  -6.3159,1214,832,0.24314039655517725,0.16616736568803675,0.5933528836754643,0.4066471163245357,0.5007,0.8121572125514993,0.40284046956732034
X72 >  0.4009,X79 <= 0.0569,X27 <= 1.1668,250,1362,0.05007009813739235,0.2720191731575794,0.15508684863523572,0.8449131513647643,0.5007,1.6874638533348596,0.40284046956732034
X72 >  0.4009,X79 <= 0.0569,X27 >  1.1668,332,490,0.06649309032645705,0.09786299181146395,0.40389294403892945,0.5961070559610706,0.5007,1.1905473456382476,0.40284046956732034
X72 >  0.4009,X79 >  0.0569,X44 <= -1.3140,274,635,0.05487682755858202,0.1268224485719992,0.30143014301430143,0.6985698569856986,0.5007,1.395186452937285,0.40284046956732034
X72 >  0.4009,X79 >  0.0569,X44 >  -1.3140,755,454,0.1512116963749249,0.09067305771919312,0.6244830438378826,0.37551695616211744,0.5007,0.7499839348154932,0.40284046956732034
